Ciudad,Estado
Aculco, Estado de México
Álamos, Sonora
Amealco de Bonfil, Querétaro
Aquismón, San Luis Potosí
Arteaga, Coahuila
Atlixco, Puebla
Bacalar, Quintana Roo
Batopilas, Chihuahua
Bustamante, Nuevo León
Cadereyta de Montes, Querétaro
Calvillo, Aguascalientes
Candela, Coahuila
Capulálpam de Méndez, Oaxaca
Casas Grandes, Chihuahua
Chiapa de Corzo, Chiapas
Chignahuapan, Puebla
Coatepec, Veracruz
Comala, Colima
Comitán, Chiapas
Comonfort, Guanajuato
Compostela de Indias, Nayarit
Cosalá, Sinaloa
Coscomatepec, Veracruz
Creel, Chihuahua
Cuatro Ciénegas, Coahuila
Cuetzalan del Progreso, Puebla
Cuitzeo del Porvenir, Michoacán
Dolores Hidalgo, Guanajuato
El Oro, Estado de México
El Rosario, Sinaloa
El Fuerte, Sinaloa
Guadalupe, Zacatecas
Guerrero, Coahuila
Huamantla, Tlaxcala
Huasca de Ocampo, Hidalgo
Huauchinango, Puebla
Huautla de Jiménez, Oaxaca
Huichapan, Hidalgo
Isla Mujeres, Quintana Roo
Ixtapan de la Sal, Estado de México
Izamal, Yucatán
Jala, Nayarit
Jalpa de Cánovas, Guanajuato
Jalpan de Serra, Querétaro
Jerez de García Salinas, Zacatecas
Jiquilpan de Juárez, Michoacán
Lagos de Moreno, Jalisco
Linares, Nuevo León
Loreto, Baja California Sur
Magdalena de Kino, Sonora
Malinalco, Estado de México
Mapimi, Durango
Mascota, Jalisco
Mazamitla, Jalisco
Mazunte, Oaxaca
Melchor Múzquiz, Coahuila
Metepec, Estado de México
Mier, Tamaulipas
Mineral de Angangueo, Michoacán
Mineral de Pozos, Guanajuato
Mineral del Chico, Hidalgo
Mocorito, Sinaloa
Nombre de Dios, Durango
Nochistlán de Mejía, Zacatecas
Orizaba, Veracruz
Pahuatlán, Puebla
Palenque, Chiapas
Palizada, Campeche
Papantla, Veracruz
Parras de la Fuente, Coahuila
Pátzcuaro, Michoacán
Pinos, Zacatecas
Real de Asientos, Aguascalientes
Real de Catorce, San Luis Potosí
Real de Monte, Hidalgo
Salvatierra, Guanajuato
San Cristóbal de las Casas, Chiapas
San Joaquín, Querétaro
San José de Gracia, Aguascalientes
San Juan Teotihuacán y San Martín de las Pirámides, Edo de México
San Pablo Villa de Mitla, Oaxaca
San Pedro Cholula, Puebla
San Pedro Tlaquepaque, Jalisco
San Pedro y San Pablo Teposcolula, Oaxaca
San Sebastián del Oeste, Jalisco
San Sebastián Bernal, Querétaro
Santa Clara del Cobre, Michoacán
Santiago, Nuevo León
Sayulita, Nayarit
Sombrerete, Zacatecas
Tacámbaro, Michoacán
Talpa de Allende, Jalisco
Tapalpa, Jalisco
Tapijulapa / Tacotalpa, Tabasco
Taxco de Alarcón, Guerrero
Tecate, Baja California
Tecozautla, Hidalgo
Tepotzotlán, Estado de México
Tepoztlán, Morelos
Tequila, Jalisco
Tequisquiapan, Querétaro
Teúl de González Ortega, Zacatecas
Tlatlauquitepec, Puebla
Tlayacapan, Morelos
Tlalpujahua de Rayón, Michoacán
Tlaxco, Tlaxcala
Todos Santos, Baja California Sur
Tula, Tamaulipas
Tulum, Quintana Roo
Tzintzuntzan, Michoacán
Valladolid, Yucatán
Valle de Bravo, Estado de México
Viesca, Coahuila
Villa del carbón, Estado de México
Xico, Veracruz
Xicotepec, Puebla
Xilitla, San Luis Potosí
Yuriria, Guanajuato
Zacatlán de las Manzanas, Puebla
Zimapán, Hidalgo
Zozocolco de Hidalgo, Veracruz
